{"cameraMode":{"drawMode":0,"name":"Shaded","section":"Shading Mode"},"sceneLighting":false,"audioPlay":false,"sceneViewState":{"showFog":true,"showMaterialUpdate":false,"showSkybox":true,"showFlares":true,"showImageEffects":true,"showParticleSystems":true},"in2DMode":false,"pivot":{"x":0.0,"y":15.720000267028809,"z":-38.325340270996097},"rotation":{"x":-0.15893211960792542,"y":-0.5452098846435547,"z":0.10616129636764527,"w":-0.8162209391593933},"size":5.918283462524414,"orthographic":false}