{"cameraMode":{"drawMode":0,"name":"Shaded","section":"Shading Mode"},"sceneLighting":true,"audioPlay":false,"sceneViewState":{"showFog":true,"showMaterialUpdate":false,"showSkybox":true,"showFlares":true,"showImageEffects":true,"showParticleSystems":true},"in2DMode":false,"pivot":{"x":197.3283233642578,"y":6.940000057220459,"z":292.8844299316406},"rotation":{"x":-0.2119886428117752,"y":-0.6312148571014404,"z":0.1851431429386139,"w":-0.7227383852005005},"size":7.418272018432617,"orthographic":false}