{"cameraMode":{"drawMode":0,"name":"Shaded","section":"Shading Mode"},"sceneLighting":true,"audioPlay":false,"sceneViewState":{"showFog":true,"showMaterialUpdate":false,"showSkybox":true,"showFlares":true,"showImageEffects":true,"showParticleSystems":true},"in2DMode":false,"pivot":{"x":0.4100656509399414,"y":0.9886356592178345,"z":6.559594631195068},"rotation":{"x":-0.05664560943841934,"y":0.869063675403595,"z":-0.10242035239934921,"w":-0.4806554913520813},"size":12.385318756103516,"orthographic":false}