{"cameraMode":{"drawMode":0,"name":"Shaded","section":"Shading Mode"},"sceneLighting":true,"audioPlay":false,"sceneViewState":{"showFog":true,"showMaterialUpdate":false,"showSkybox":true,"showFlares":true,"showImageEffects":true,"showParticleSystems":true},"in2DMode":false,"pivot":{"x":-3.0367162227630617,"y":1.0202295780181885,"z":5.057527542114258},"rotation":{"x":-0.05664560943841934,"y":0.869063675403595,"z":-0.10242035239934921,"w":-0.4806554913520813},"size":9.068892478942871,"orthographic":false}