{"cameraMode":{"drawMode":0,"name":"Shaded","section":"Shading Mode"},"sceneLighting":false,"audioPlay":false,"sceneViewState":{"showFog":true,"showMaterialUpdate":false,"showSkybox":true,"showFlares":true,"showImageEffects":true,"showParticleSystems":true},"in2DMode":false,"pivot":{"x":21.90999984741211,"y":104.33000183105469,"z":129.05999755859376},"rotation":{"x":0.05359064042568207,"y":-0.8206186890602112,"z":0.07804019004106522,"w":0.5635802745819092},"size":22.0,"orthographic":false}