{"cameraMode":{"drawMode":0,"name":"Shaded","section":"Shading Mode"},"sceneLighting":true,"audioPlay":false,"sceneViewState":{"showFog":true,"showMaterialUpdate":false,"showSkybox":true,"showFlares":true,"showImageEffects":true,"showParticleSystems":true},"in2DMode":false,"pivot":{"x":3.579792022705078,"y":0.33148193359375,"z":0.04559898376464844},"rotation":{"x":0.1516059786081314,"y":-0.4021015167236328,"z":0.06770825386047363,"w":0.9004141688346863},"size":17.33537483215332,"orthographic":false}