{"cameraMode":{"drawMode":0,"name":"Shaded","section":"Shading Mode"},"sceneLighting":true,"audioPlay":false,"sceneViewState":{"showFog":true,"showMaterialUpdate":false,"showSkybox":true,"showFlares":true,"showImageEffects":true,"showParticleSystems":true},"in2DMode":false,"pivot":{"x":21.457218170166017,"y":100.7979965209961,"z":129.71543884277345},"rotation":{"x":0.03302833437919617,"y":0.9660319685935974,"z":-0.15818801522254945,"w":0.20166298747062684},"size":22.0,"orthographic":false}