{"cameraMode":{"drawMode":0,"name":"Shaded","section":"Shading Mode"},"sceneLighting":true,"audioPlay":false,"sceneViewState":{"showFog":true,"showMaterialUpdate":false,"showSkybox":true,"showFlares":true,"showImageEffects":true,"showParticleSystems":true},"in2DMode":false,"pivot":{"x":67.38211059570313,"y":113.89537048339844,"z":38.332515716552737},"rotation":{"x":0.003261998761445284,"y":0.6276962757110596,"z":0.002630204427987337,"w":-0.7784470319747925},"size":16.992584228515626,"orthographic":false}