{"cameraMode":{"drawMode":0,"name":"Shaded","section":"Shading Mode"},"sceneLighting":true,"audioPlay":false,"sceneViewState":{"showFog":true,"showMaterialUpdate":false,"showSkybox":true,"showFlares":true,"showImageEffects":true,"showParticleSystems":true},"in2DMode":false,"pivot":{"x":11.58328914642334,"y":0.08385181427001953,"z":2.4603958129882814},"rotation":{"x":0.20500925183296204,"y":0.26765501499176028,"z":-0.05839180573821068,"w":0.9396395683288574},"size":23.67319107055664,"orthographic":false}